delete_reasons,annotator_gemini
"Sulit hadir sesuai waktu DATE krn letak kantor yang jauh dan sudah suggest ybs untuk miove ke date yang deket kantor,sudah lebih dr 3 bulan juga tidak datang date",
pindah gereja,
pindah gereja,
Masih tertanam dan melayani di Gereja lain,
Masih tertanam dan melayani di Gereja lain,
Sudah menikah dan ikut suami tertanam di gereja lain,
date member pindah ke luar negeri,
"sudah 10 bulan Juni cuti dari date, dg alasan ingin menyendiri setelah putus dg kekasih. sudah didekati dan 1on 1 dan diberi waktu cuti tak terbatas, tp akhirnya Juni minta keluar date",
Calon DM tidak memberikan alasan kenapa tidak bisa bergabung,
sudah pindah tempat tinggal,
Date Member Pindah ke Luar Negri,
"tempat tinggal jauh, jadi sulit untuk datang.",
tertanam di gereja lain,
fokus ibadah di gereja calon suami,
Join manual ke sgm 20235,
Ditugaskan penempatan dokter di luar kota,
fase hidup lagi berbeda,
recently got married and decided to be planted in other Church following her husband,
DM butuh waktu lama untuk kembali hadir di Date,
Masih tertanam dan melayani di Gereja lain,
Masih tertanam dan melayani di Gereja lain,
"sekarang bekerja di daerah senayan dan selalu pulang malam, membuat tidak mungkin untuk ikut DATE di saat-saat ini.",
for good ke luar negeri,
for good ke luar negeri,
ingin ambil waktu sendiri dulu,
mau pendataan ulang,
Waktu Sudah sulit hadir date onsite karena sudah menikah dan ada anak.DL menyarankan untuk move ke date married couple,
Berpulang kerumah Bapa pada tgl 23 okt 2025,
4 kali pertemuan berturut2 tdk hadir,
sudah pindah ke luar kota (menado) for good,
