delete_reason,batch,Final label,Confidence,Keywords
sorry ini harusnya jd New Comer dulu,batch : 1 of 48 row: 1,Admin,100%,"New Comer, kesalahan, administratif"
"sudah pindah rumah & gereja ke Bandung, jadi tidak pernah datang lagi",batch : 1 of 48 row: 2,lokasi,100%,"pindah, rumah, gereja"
Pindah gereja,batch : 1 of 48 row: 3,lokasi,100%,"pindah, gereja"
Tertanam di gereja lain,batch : 1 of 48 row: 4,tertanam_di_gereja_lain,100%,"tertanam, gereja, lain"
meninggal dunia,batch : 1 of 48 row: 5,others,100%,"meninggal, dunia"
Terdaftar pada 2 akun yang berbeda. Member ingin akun ini diremove dari data DATE,batch : 1 of 48 row: 6,Admin,100%,"akun, berbeda, remove"
pindah ke makasar,batch : 1 of 48 row: 7,lokasi,100%,"pindah, makasar"
DATE Member mengundurkan diri,batch : 1 of 48 row: 8,alasan_DATE,100%,"DATE, mengundurkan, diri"
pindah ke gereja khatolik setelah menikah,batch : 1 of 48 row: 9,perbedaan_musim_kehidupan,100%,"menikah, pindah, gereja"
"setelah menikah, Linda bergereja di tempat suami",batch : 1 of 48 row: 10,perbedaan_musim_kehidupan,100%,"menikah, bergereja, suami"
"date akan dibubarkan, sudah diberi waktu untuk mencari date baru",batch : 2 of 48 row: 1,alasan_DATE,100%,"date, dibubarkan, baru"
pasangan Wailan dan Villi terakhir hadir di bulan Januari/Februari dan hingga bbrp hari yl sdh menyatakan permisi untuk pindah DATE.,batch : 2 of 48 row: 2,alasan_DATE,100%,"date, pindah, permisi"
"Sulit hadir sesuai waktu DATE krn letak kantor yang jauh dan sudah suggest ybs untuk miove ke date yang deket kantor,sudah lebih dr 3 bulan juga tidak datang date",batch : 2 of 48 row: 3,waktu_tidak_sesuai,100%,"sulit, hadir, jauh"
pindah gereja,batch : 2 of 48 row: 4,tertanam_di_gereja_lain,100%,"pindah, gereja"
pindah gereja,batch : 2 of 48 row: 5,tertanam_di_gereja_lain,100%,"pindah, gereja"
Sudah menikah dan ikut suami tertanam di gereja lain,batch : 2 of 48 row: 6,perbedaan_musim_kehidupan,100%,"menikah, suami, gereja"
date member pindah ke luar negeri,batch : 2 of 48 row: 7,lokasi,100%,"pindah, luar, negeri"
"sudah 10 bulan Juni cuti dari date, dg alasan ingin menyendiri setelah putus dg kekasih. sudah didekati dan 1on 1 dan diberi waktu cuti tak terbatas, tp akhirnya Juni minta keluar date",batch : 2 of 48 row: 8,others,100%,"cuti, putus, keluar"
Calon DM tidak memberikan alasan kenapa tidak bisa bergabung,batch : 2 of 48 row: 9,others,100%,"tidak, alasan, bergabung"
sudah pindah tempat tinggal,batch : 2 of 48 row: 10,lokasi,100%,"pindah, tempat, tinggal"
Date Member Pindah ke Luar Negri,batch : 3 of 48 row: 1,lokasi,100%,"pindah, luar, negri"
"tempat tinggal jauh, jadi sulit untuk datang.",batch : 3 of 48 row: 2,lokasi,100%,"jauh, tinggal, datang"
tertanam di gereja lain,batch : 3 of 48 row: 3,tertanam_di_gereja_lain,100%,"gereja, lain, tertanam"
fokus ibadah di gereja calon suami,batch : 3 of 48 row: 4,tertanam_di_gereja_lain,100%,"ibadah, gereja, calon"
Join manual ke sgm 20235,batch : 3 of 48 row: 5,Admin,100%,"join, manual, sgm"
Ditugaskan penempatan dokter di luar kota,batch : 3 of 48 row: 6,lokasi,100%,"dokter, luar, kota"
fase hidup lagi berbeda,batch : 3 of 48 row: 7,perbedaan_musim_kehidupan,100%,"fase, hidup, berbeda"
recently got married and decided to be planted in other Church following her husband,batch : 3 of 48 row: 8,perbedaan_musim_kehidupan,100%,"menikah, gereja, suami"
DM butuh waktu lama untuk kembali hadir di Date,batch : 3 of 48 row: 9,tidak_ada_respon,100%,"dm, lama, kembali"
"sekarang bekerja di daerah senayan dan selalu pulang malam, membuat tidak mungkin untuk ikut DATE di saat-saat ini.",batch : 3 of 48 row: 10,waktu_tidak_sesuai,100%,"pulang, malam, date"
for good ke luar negeri,batch : 4 of 48 row: 1,lokasi,100%,"luar negeri, for good, pindah"
for good ke luar negeri,batch : 4 of 48 row: 2,lokasi,100%,"luar negeri, for good, pindah"
ingin ambil waktu sendiri dulu,batch : 4 of 48 row: 3,others,80%,"waktu sendiri, ambil waktu, dulu"
mau pendataan ulang,batch : 4 of 48 row: 4,Admin,90%,"pendataan ulang, mau, baru"
Waktu Sudah sulit hadir date onsite karena sudah menikah dan ada anak.DL menyarankan untuk move ke date married couple,batch : 4 of 48 row: 5,perbedaan_musim_kehidupan,100%,"menikah, anak, move"
Berpulang kerumah Bapa pada tgl 23 okt 2025,batch : 4 of 48 row: 6,others,100%,"berpulang, kerumah Bapa, wafat"
4 kali pertemuan berturut2 tdk hadir,batch : 4 of 48 row: 7,tidak_ada_respon,100%,"tdk hadir, pertemuan, berturut2"
sudah pindah ke luar kota (menado) for good,batch : 4 of 48 row: 8,lokasi,100%,"pindah, luar kota, for good"
"pindah kerja & tpt tinggal ke PIK, sdh >3 bln tdk hdr & aktiv di date, sdh diminta mencari date baru namun sibuk kerja blm melakukan hal tsb s/d di remove.",batch : 4 of 48 row: 9,lokasi,100%,"pindah kerja, tpt tinggal, pindah"
cari date lain,batch : 4 of 48 row: 10,tertanam_di_gereja_lain,80%,"cari date, date lain, lain"
"Usernya sudah tidak aktif, dan diganti dengan user baru",batch : 5 of 48 row: 1,Admin,90%,"tidak aktif, diganti, user"
mau pindah ke kuningan 18 yang dekat kantor.,batch : 5 of 48 row: 2,lokasi,95%,"pindah, kuningan, kantor"
Sudah dipanggil Tuhan 3 minggu lalu,batch : 5 of 48 row: 3,others,100%,"sudah, dipanggil, Tuhan"
telah kembali ke Surga,batch : 5 of 48 row: 4,others,100%,"telah, kembali, Surga"
"Tidak bisa ikut date lagi, dikarenakan pekerjaan",batch : 5 of 48 row: 5,waktu_tidak_sesuai,90%,"tidak bisa, pekerjaan, date"
"sekarang bergereja di gereja lain, bersama orang tua",batch : 5 of 48 row: 6,tertanam_di_gereja_lain,95%,"bergereja, gereja lain, orang tua"
ada dua email,batch : 5 of 48 row: 7,Admin,80%,"ada, dua, email"
proses pindah ke Date lain krn pindah rumah,batch : 5 of 48 row: 8,alasan_DATE,90%,"pindah, date, rumah"
pindah date couple,batch : 5 of 48 row: 9,alasan_DATE,85%,"pindah, date, couple"
double account,batch : 5 of 48 row: 10,Admin,95%,"double, account"
pindah ke Aussie to for good,batch : 6 of 48 row: 1,lokasi,100%,"pindah, Aussie"
"setelah menikah, masih belum menentukan gereja untuk tertanam",batch : 6 of 48 row: 2,perbedaan_musim_kehidupan,100%,"menikah, gereja"
menikah dan pindah negara,batch : 6 of 48 row: 3,lokasi,100%,"menikah, pindah"
Vacum dahulu,batch : 6 of 48 row: 4,others,0%,Vacum
Vacum dahulu,batch : 6 of 48 row: 5,others,0%,Vacum
"Semenjak pindah rumah ke Pantai Mutiara lokasi menuju gereja maupun date menjadi tantangan bagi eunike dan alvin, sehingga mereka dengan penuh kerelaan hati memutuskan pindah gereja  Kemudian setelah berapa waktu mencoba, akhirnya memutuskan untuk berjemaat di GBI gilgal PIK (ps. Juan Mogi)o",batch : 6 of 48 row: 6,lokasi,100%,"pindah, gereja"
Pindah date suvarna 3,batch : 6 of 48 row: 7,alasan_DATE,100%,"pindah, DATE"
Pindah date suvarna 3,batch : 6 of 48 row: 8,alasan_DATE,100%,"pindah, DATE"
pindah ke Pontianak,batch : 6 of 48 row: 9,lokasi,100%,"pindah, Pontianak"
Transfer ke DATE Gunawarman 2,batch : 6 of 48 row: 10,alasan_DATE,100%,"Transfer, DATE"
waktu yg tidak sesuai serta lokasi yang sulit dicapai serta dilakukan atas permintaan sendiri,batch : 7 of 48 row: 1,waktu_tidak_sesuai,80%,"waktu, lokasi, sesuai"
pindah keluar kota bersama suami,batch : 7 of 48 row: 2,lokasi,90%,"pindah, kota, suami"
"date akan dibubarkan, berpindah ke date lain",batch : 7 of 48 row: 3,alasan_DATE,95%,"date, dibubarkan, berpindah"
pindah gereja,batch : 7 of 48 row: 4,tertanam_di_gereja_lain,85%,"pindah, gereja, lain"
mau pindah ke gereja lain,batch : 7 of 48 row: 5,tertanam_di_gereja_lain,80%,"pindah, gereja, lain"
sementara,batch : 7 of 48 row: 6,others,50%,"sementara, tidak, jelas"
sementara,batch : 7 of 48 row: 7,others,50%,"sementara, tidak, jelas"
pindah ke gereja Lain (Gilgal),batch : 7 of 48 row: 8,tertanam_di_gereja_lain,90%,"pindah, gereja, lain"
sudah bergabung di Date yang baru.,batch : 7 of 48 row: 9,alasan_DATE,90%,"date, baru, bergabung"
sejak diterima juli 2025 belum pernah hadir dan atas permintaan sendiri mau keluar dulu karena pulang kampung hingga Desember 2025,batch : 7 of 48 row: 10,lokasi,80%,"pindah, kampung, desember"
DM akan pindah ke Bali sehingga tidak bisa date lagi,batch : 8 of 48 row: 1,lokasi,100%,"pindah, Bali, lokasi"
DM akan pindah ke Bali sehingga tidak bisa Date lagi,batch : 8 of 48 row: 2,lokasi,100%,"pindah, Bali, lokasi"
"Perbedaan Musim kehidupan, Pekerjaan dan Lokasi",batch : 8 of 48 row: 3,perbedaan_musim_kehidupan,100%,"musim, kehidupan, pekerjaan"
sudah meninggal dunia,batch : 8 of 48 row: 4,others,100%,"meninggal, dunia, wafat"
Pindah ke luar negeri.,batch : 8 of 48 row: 5,lokasi,100%,"pindah, luar, negeri"
Pindah ke luar negeri.,batch : 8 of 48 row: 6,lokasi,100%,"pindah, luar, negeri"
Mengganti akun,batch : 8 of 48 row: 7,others,100%,"akun, ganti, baru"
,batch : 8 of 48 row: 8,others,0%,
,batch : 8 of 48 row: 9,others,0%,
balik kampung untuk selamanya,batch : 8 of 48 row: 10,lokasi,100%,"balik, kampung, selamanya"
Sudah meninggal dunia,batch : 9 of 48 row: 1,others,100%,"meninggal, dunia, wafat"
Pindah ke DATE gading serpong yg lbh deket ke rumahnya,batch : 9 of 48 row: 2,alasan_DATE,90%,"pindah, DATE, deket"
pindah kerja dan menetap di Korea Selatan..,batch : 9 of 48 row: 3,lokasi,100%,"pindah, kerja, Korea"
DL Temporary untuk DL yang resign,batch : 9 of 48 row: 4,Admin,100%,"DL, resign, Temporary"
kembali ke gereja yang lama untuk membantu mengelola ibadah youth,batch : 9 of 48 row: 5,tertanam_di_gereja_lain,100%,"kembali, gereja, lama"
kembali ke gereja yang lama untuk membantu mengelola ibadah youth,batch : 9 of 48 row: 6,tertanam_di_gereja_lain,100%,"kembali, gereja, lama"
kembali ke gereja yg lama untuk membantu mengelola ibadah youth,batch : 9 of 48 row: 7,tertanam_di_gereja_lain,100%,"kembali, gereja, lama"
blum bisa aktif,batch : 9 of 48 row: 8,tidak_ada_respon,80%,"blum, bisa, aktif"
DF pengganti DL sementara,batch : 9 of 48 row: 9,Admin,100%,"DF, pengganti, DL"
Melahirkan anak dan sedang focus mengurus anak.Tidak bisa join dulu untuk sementara.,batch : 9 of 48 row: 10,perbedaan_musim_kehidupan,100%,"melahirkan, anak, focus"
Ingin mencari Date yang usianya tidak jauh berbeda.,batch : 10 of 48 row: 1,alasan_DATE,80%,"Date, usia, berbeda"
pindah ke BSD99,batch : 10 of 48 row: 2,lokasi,100%,"pindah, BSD99"
pindah ke BSD99,batch : 10 of 48 row: 3,lokasi,100%,"pindah, BSD99"
Filia pindah karena penempatan kerja ke Bali,batch : 10 of 48 row: 4,lokasi,100%,"pindah, Bali"
pindah ke Australia,batch : 10 of 48 row: 5,lokasi,100%,"pindah, Australia"
mencari DATE yang lebih terjangkau dari tempat kerja,batch : 10 of 48 row: 6,alasan_DATE,80%,"DATE, terjangkau"
pindah ke luar negeri,batch : 10 of 48 row: 7,lokasi,100%,"pindah, luar negeri"
Karena belum moment yg tepat untuk diterima di date,batch : 10 of 48 row: 8,others,60%,"moment, tepat"
"karena kepenuhan (jadi hanya pasangannya saja yg di masukin di apps, karena Nike yg war tiket) dan masih ada date member yang mau du transfer dari date lain.",batch : 10 of 48 row: 9,alasan_DATE,80%,"kepenuhan, DATE"
pindah date,batch : 10 of 48 row: 10,alasan_DATE,80%,"pindah, date"
melanjutkan studi S2 di UK,batch : 11 of 48 row: 1,lokasi,100%,"S2, UK, melanjutkan"
Abroad,batch : 11 of 48 row: 2,lokasi,100%,Abroad
kesibukan,batch : 11 of 48 row: 3,waktu_tidak_sesuai,100%,kesibukan
pindah keluar kota,batch : 11 of 48 row: 4,lokasi,100%,"pindah, kota"
sudah tidak hadir,batch : 11 of 48 row: 5,tidak_ada_respon,100%,"tidak, hadir"
Other,batch : 11 of 48 row: 6,others,100%,Other
Other,batch : 11 of 48 row: 7,others,100%,Other
pindah Date Martimbang 2,batch : 11 of 48 row: 8,alasan_DATE,100%,"pindah, Date"
sevenarnya Myrna bukan jemaat JPCC dan dia ingin kembali ke gereja asalnya sekaligus berkomunitas di sana,batch : 11 of 48 row: 9,tertanam_di_gereja_lain,100%,"gereja, asalnya"
sistem tidak bisa transfer DM. sudah komunikasi dgn DL barunya DM,batch : 11 of 48 row: 10,Admin,100%,"sistem, transfer"
"Angel pindah ke NY, USA untuk melanjutkan S2",batch : 12 of 48 row: 1,lokasi,100%,"pindah, NY, USA"
melanjutkan study S2 ke Taiwan,batch : 12 of 48 row: 2,lokasi,100%,"melanjutkan, S2, Taiwan"
sedang mencari date baru,batch : 12 of 48 row: 3,alasan_DATE,100%,"cari, date, baru"
sedang mencari date baru,batch : 12 of 48 row: 4,alasan_DATE,100%,"cari, date, baru"
di wakilkan istri,batch : 12 of 48 row: 5,perbedaan_musim_kehidupan,100%,"wakilkan, istri"
di wakilkan suami,batch : 12 of 48 row: 6,perbedaan_musim_kehidupan,100%,"wakilkan, suami"
sudah coba transfer ke BSD 36 tp tdk muncul di apps. Jd data DM akan di remove & request baru di BSD 36,batch : 12 of 48 row: 7,Admin,100%,"transfer, BSD, remove"
salah approve,batch : 12 of 48 row: 8,Admin,100%,"salah, approve"
tidak pernah hadir di date lebih dari 6 bulan,batch : 12 of 48 row: 9,tidak_ada_respon,100%,"tidak, hadir, bulan"
belum memutuskan ke date (baru istri yg memutuskan ke date),batch : 12 of 48 row: 10,others,100%,"belum, memutuskan, date"
"Suaminya aktif melayani di gereja lain dan dia pun masih terlibat aktif di sana.  Di sisi lain, dia sudah tidak pernah hadir date, dan saat dihubungi berulang kali (via wa, telepon, dan email) tidak merespon sama sekali.",batch : 13 of 48 row: 1,tertanam_di_gereja_lain,90%,"gereja lain, tidak hadir, tidak merespon"
Gracia wiroreno ingin tertanam di gereja lain,batch : 13 of 48 row: 2,tertanam_di_gereja_lain,100%,"gereja lain, tertanam"
menikah dan pindah gereja,batch : 13 of 48 row: 3,perbedaan_musim_kehidupan,100%,"menikah, pindah gereja"
ingin mencari date lain,batch : 13 of 48 row: 4,alasan_DATE,90%,cari date lain
sudah pindah date lain,batch : 13 of 48 row: 5,alasan_DATE,100%,pindah date lain
Telah meninggal dunia pada tgl 5 Juli 2025,batch : 13 of 48 row: 6,others,100%,"meninggal, wafat"
mencari DATE lain,batch : 13 of 48 row: 7,alasan_DATE,90%,cari date lain
passed away,batch : 13 of 48 row: 8,others,100%,"wafat, passed away"
Move to Manado for good and entering new season of life. tapi dia tetap bisa join online date.,batch : 13 of 48 row: 9,perbedaan_musim_kehidupan,90%,"pindah, musim kehidupan"
pindah kerja ke kota lain,batch : 13 of 48 row: 10,lokasi,100%,"pindah kerja, kota lain"
sudah kembali ke kota asal,batch : 14 of 48 row: 1,lokasi,100%,"kembali, kota, asal"
rencana pindah date yg dekat rumah tp blom ketemu,batch : 14 of 48 row: 2,alasan_DATE,80%,"pindah, date, dekat"
rencana Pindah date yg dekat rumah tp blom ketemu yg cocok,batch : 14 of 48 row: 3,alasan_DATE,80%,"pindah, date, dekat"
"Ada kesalahan saat ada request masuk, saya tekan 2 kali, jadi langsung probation, Felicia sedang mencari Date yg umurnya lebih sesuai",batch : 14 of 48 row: 4,Admin,90%,"kesalahan, request, probation"
ingin pindah date,batch : 14 of 48 row: 5,alasan_DATE,70%,"pindah, date"
telah meninggal dunia,batch : 14 of 48 row: 6,others,100%,"meninggal, dunia"
testing,batch : 14 of 48 row: 7,others,0%,testing
Tempat tinggal pindah Ke Manila karena pekerjaan.,batch : 14 of 48 row: 8,lokasi,100%,"pindah, Manila, pekerjaan"
Tempat tinggal pindah ke Manila karena pekerjaan.,batch : 14 of 48 row: 9,lokasi,100%,"pindah, Manila, pekerjaan"
"pindah rumah, mau cari date di daerah BSD",batch : 14 of 48 row: 10,lokasi,90%,"pindah, rumah, BSD"
"pindah rumah, mau pindah date ke daerah BSD",batch : 15 of 48 row: 1,lokasi,90%,"pindah, rumah, BSD"
akun testing skybridge,batch : 15 of 48 row: 2,Admin,100%,"akun, testing, skybridge"
Passed away,batch : 15 of 48 row: 3,others,100%,"Passed, away, wafat"
"perlu waktu untuk menata prioritas, agar ke depan dapat ikut date dengan konsisten",batch : 15 of 48 row: 4,perbedaan_musim_kehidupan,80%,"prioritas, konsisten, menata"
"perlu waktu untuk menata prioritas saat ini, agar kedepan bisa tetap ikut date.",batch : 15 of 48 row: 5,perbedaan_musim_kehidupan,80%,"prioritas, menata, kedepan"
tidak aktif dalam DATE,batch : 15 of 48 row: 6,tidak_ada_respon,70%,"tidak, aktif, DATE"
ingin fokus karir.,batch : 15 of 48 row: 7,perbedaan_musim_kehidupan,90%,"fokus, karir, ingin"
Bekerja dan tinggal di Australia.,batch : 15 of 48 row: 8,lokasi,100%,"Australia, Bekerja, tinggal"
Sudah tidak aktif dan memutuskan ingin cuti dari date,batch : 15 of 48 row: 9,alasan_DATE,80%,"cuti, DATE, tidak"
date multiplikasi,batch : 15 of 48 row: 10,alasan_DATE,90%,"date, multiplikasi, DATE"
temporary,batch : 16 of 48 row: 1,others,100%,temporary
temporary,batch : 16 of 48 row: 2,others,100%,temporary
Akan pindah date,batch : 16 of 48 row: 3,alasan_DATE,100%,"pindah, date"
Pindah keluar negeri,batch : 16 of 48 row: 4,lokasi,100%,"pindah, negeri"
ada training dr kntr selama 6bln jadi tidak bisa hadir untuk date,batch : 16 of 48 row: 5,waktu_tidak_sesuai,100%,"training, tidak"
moved to a different church,batch : 16 of 48 row: 6,tertanam_di_gereja_lain,100%,"gereja, lain"
Bekerja di Medan dan pulang setahun sekali,batch : 16 of 48 row: 7,waktu_tidak_sesuai,100%,"bekerja, pulang"
pindah ke gereja dekat rumah (GRII Depok) dan sudah tertanam di komsel disana.,batch : 16 of 48 row: 8,tertanam_di_gereja_lain,100%,"gereja, tertanam"
sudah pindah ke luar kota di Papua,batch : 16 of 48 row: 9,lokasi,100%,"pindah, kota"
"Ybs mau pindah date, sudah hampir 4 bulan trial di date lain ternyata katanya gak cocok dan sekarang lagi trial lagi di date lain lagi.",batch : 16 of 48 row: 10,alasan_DATE,100%,"pindah, date"
pindah ke luar negeri,batch : 17 of 48 row: 1,lokasi,100%,"pindah, luar negeri"
Bersama suami pindah ke married couple date,batch : 17 of 48 row: 2,perbedaan_musim_kehidupan,100%,"bersama suami, pindah"
alasan yg sama dengan couple,batch : 17 of 48 row: 3,alasan_DATE,100%,"alasan, couple"
"hampir tdk pernah hadir, tdk kooperatif, drama playing victim, mengadu domba DM dengan DL",batch : 17 of 48 row: 4,tidak_ada_respon,100%,"tdk pernah hadir, tdk kooperatif"
Memutusakan bergereja di daerah dekat rumahnya,batch : 17 of 48 row: 5,tertanam_di_gereja_lain,100%,"bergereja, dekat rumah"
Pindah DATE karena DATE tidak aktif,batch : 17 of 48 row: 6,alasan_DATE,100%,"pindah DATE, tidak aktif"
ganti no,batch : 17 of 48 row: 7,Admin,100%,ganti no
pindah ke gereja lain,batch : 17 of 48 row: 8,tertanam_di_gereja_lain,100%,pindah ke gereja lain
Anien perlu waktu sementara untuk dapat menata schedulenya agar kedepan bisa ikut DATE lagi.,batch : 17 of 48 row: 9,waktu_tidak_sesuai,100%,menata schedulenya
Etly memerlukan waktu sementara untuk menata ulang schedulenya agar kedepan bisa ikut DATE lagi,batch : 17 of 48 row: 10,waktu_tidak_sesuai,100%,menata ulang schedulenya
CT naik jadi DL,batch : 18 of 48 row: 1,others,100%,"CT, DL, DF"
DL jadi DF,batch : 18 of 48 row: 2,others,100%,"DL, DF"
menetap dan bekerja di Ambon,batch : 18 of 48 row: 3,lokasi,100%,"menetap, Ambon, bekerja"
saat ini menetap dan bekerja di Ambon.,batch : 18 of 48 row: 4,lokasi,100%,"menetap, Ambon, bekerja"
pindah date,batch : 18 of 48 row: 5,alasan_DATE,100%,"pindah, date"
Pindah ke Melbourne,batch : 18 of 48 row: 6,lokasi,100%,"Pindah, Melbourne"
Pindah ke Melbourne,batch : 18 of 48 row: 7,lokasi,100%,"Pindah, Melbourne"
pindah kota,batch : 18 of 48 row: 8,lokasi,100%,"pindah, kota"
terdaftar di date lain - Tugu Tani 2,batch : 18 of 48 row: 9,tertanam_di_gereja_lain,100%,"terdaftar, date, lain"
work & study  overseas,batch : 18 of 48 row: 10,lokasi,100%,"work, study, overseas"
"mau cari date couple tapi nanti setelah pindah rumah, selama ini sudah tidak hadir di date",batch : 19 of 48 row: 1,lokasi,90%,"pindah, rumah, date"
ditugaskan ke medan,batch : 19 of 48 row: 2,lokasi,100%,"ditugaskan, medan, pindah"
study leave,batch : 19 of 48 row: 3,perbedaan_musim_kehidupan,80%,"study, leave, jenjang"
Mencari DATE Married,batch : 19 of 48 row: 4,alasan_DATE,90%,"DATE, Married, cari"
pindah ke luar kota,batch : 19 of 48 row: 5,lokasi,100%,"pindah, luar, kota"
pindah ke luar kota,batch : 19 of 48 row: 6,lokasi,100%,"pindah, luar, kota"
Mau cari DATE di area lain,batch : 19 of 48 row: 7,alasan_DATE,80%,"DATE, cari, area"
kembali menjadi katolik,batch : 19 of 48 row: 8,others,70%,"katolik, kembali, agama"
Permintaan untuk mencoba Date Family,batch : 19 of 48 row: 9,alasan_DATE,90%,"Date, Family, coba"
Permintaan untuk mencoba Date Family,batch : 19 of 48 row: 10,alasan_DATE,90%,"Date, Family, coba"
requested by daters,batch : 20 of 48 row: 1,others,80%,"daters, requested, by"
pindah mengikuti gereja suami,batch : 20 of 48 row: 2,lokasi,90%,"pindah, gereja, suami"
pindag date sesuai domisili,batch : 20 of 48 row: 3,alasan_DATE,85%,"pindag, date, domisili"
emailnya lagi error,batch : 20 of 48 row: 4,Admin,95%,"email, error, lagi"
sedang mencari DATE baru yang dekat dengan lokasi tinggal,batch : 20 of 48 row: 5,alasan_DATE,80%,"date, baru, dekat"
double account,batch : 20 of 48 row: 6,Admin,95%,"double, account"
begitu menikah pindah tempat tinggal jadi kejauhan,batch : 20 of 48 row: 7,perbedaan_musim_kehidupan,90%,"menikah, pindah, tempat"
"Selama 8 bulan terakhir, kami berkesempatan untuk mengenal kehidupan Naomi. Dalam perjalanannya, ia menghadapi banyak tantangan hidup—baik dalam hubungan keluarga dan sesama, pekerjaan, keterikatan terhadap entitas di luar Kristus, hingga isu seputar parenting.

Sebagai DL, kami telah berupaya memfasilitasi setiap tantangan tersebut dengan memberikan pandangan yang berlandaskan Alkitab dan pengajaran JPCC. Kami juga mengarahkan Naomi kepada pihak-pihak terkait, seperti tim konseling keluarga, tim doa, dan kelas parenting.

Pada tanggal 29 Juli 2025, setelah vakum dari DATE untuk beberapa waktu, Naomi memutuskan untuk keluar dari komunitas DATE. Secara kebetulan, ia bertemu dengan Ps. Rodko, dan setelah ibadah, ia menyampaikan keinginannya untuk pindah ke DATE lain.

Kami telah mencoba menawarkan opsi untuk merujuknya ke DATE yang sesuai, namun Naomi tetap bersikeras untuk keluar dari DATE.

Naomi merupakan salah satu dari empat pasangan anggota DATE yang keluar dalam waktu berdekatan. Kepergian mereka diduga dipicu oleh adanya perselisihan antara DL dengan salah satu pasangan DM yang bersikap di luar kewajaran.

Terkait hal ini, kami telah berkonsultasi dengan DF, Ps. Ivan, Ps. Alvi dan Ps Rodko. Mereka tetap menganjurkan agar kami terus berupaya memfasilitasi dan membantu mereka sebaik mungkin.",batch : 20 of 48 row: 8,alasan_DATE,85%,"date, keluar, komunitas"
accountnya double,batch : 20 of 48 row: 9,Admin,95%,"account, double"
sudah mendapatkan date baru,batch : 20 of 48 row: 10,alasan_DATE,80%,"date, baru, sudah"
S2 dan pindah ke Singapore,batch : 21 of 48 row: 1,lokasi,100%,"pindah, Singapore, S2"
usia next gen,batch : 21 of 48 row: 2,others,50%,"usia, next, gen"
usia next gen,batch : 21 of 48 row: 3,others,50%,"usia, next, gen"
terdaftar 2 nama sekaligus,batch : 21 of 48 row: 4,Admin,100%,"terdaftar, 2, nama"
dater pindah alamat ke area matraman sehingga pindah Date Matraman 3 agar dekat dengan tempat tinggal,batch : 21 of 48 row: 5,lokasi,100%,"pindah, alamat, matraman"
sudah tidak beribadah di JPCC,batch : 21 of 48 row: 6,tertanam_di_gereja_lain,100%,"tidak, beribadah, JPCC"
sudah tidak beribadah di JPCC,batch : 21 of 48 row: 7,tertanam_di_gereja_lain,100%,"tidak, beribadah, JPCC"
"seharusnya masih masuk transition, tapi karena kepencet accept jadi mau minta re-join",batch : 21 of 48 row: 8,Admin,100%,"kepencet, accept, re-join"
Pergantian akun (double),batch : 21 of 48 row: 9,Admin,100%,"Pergantian, akun, double"
"Sudah 1,5 tahun tidak join Date dan tidak memberi kabar",batch : 21 of 48 row: 10,tidak_ada_respon,100%,"tidak, join, kabar"
tidak pernah hadir dan tidak ada respon,batch : 22 of 48 row: 1,tidak_ada_respon,100%,"tidak, hadir, respon"
mau add istrinya duluan karena istrinya yg daftarin anak,batch : 22 of 48 row: 2,others,80%,"istrinya, daftarin, anak"
ketrima skolah di Luar Negri (Perancis),batch : 22 of 48 row: 3,lokasi,100%,"Luar, Negri, Perancis"
akan ada peoject ke luar kota cukup lama,batch : 22 of 48 row: 4,lokasi,100%,"luar, kota, lama"
bekerja di luar pulau,batch : 22 of 48 row: 5,lokasi,100%,"luar, pulau"
Pindah lokasi domisili dan akan mencari Date lain yang dekat dgn lokasi mereka saat ini,batch : 22 of 48 row: 6,lokasi,100%,"Pindah, lokasi, domisili"
Pindah ke gereja suami.,batch : 22 of 48 row: 7,tertanam_di_gereja_lain,100%,"Pindah, gereja, suami"
pindah kerja ke Kamboja,batch : 22 of 48 row: 8,lokasi,100%,"pindah, Kamboja"
"Selain memang tidak cocok dengan salah 1 member, kebetulan pindah kantor dan mau fokus dengan pekerjaan dulu",batch : 22 of 48 row: 9,alasan_DATE,90%,"tidak, cocok, member"
"mau pindah ke date couple di bsd 77 , udh coba transfer data tp sepertinya appsnya lg error..dan udh komunikasii juga sama DL di bsd 77",batch : 22 of 48 row: 10,alasan_DATE,90%,"pindah, date, couple"
ka Lontar akan pindah ke Dubai untuk urusan pekerjaan,batch : 23 of 48 row: 1,lokasi,100%,"pindah, Dubai, pekerjaan"
Vincent pindah domisili ke Bandung,batch : 23 of 48 row: 2,lokasi,100%,"pindah, domisili, Bandung"
test,batch : 23 of 48 row: 3,others,100%,"test, , "
Pindah ke Jepang bersama suami,batch : 23 of 48 row: 4,lokasi,100%,"pindah, Jepang, suami"
pindah kerja ke Kalimantan,batch : 23 of 48 row: 5,lokasi,100%,"pindah, kerja, Kalimantan"
Ybs memutuskan utk tidak bergabung di Date PI3,batch : 23 of 48 row: 6,alasan_DATE,100%,"memutuskan, tidak, bergabung"
jarang hadir,batch : 23 of 48 row: 7,tidak_ada_respon,100%,"jarang, hadir, "
Menggantikan DL,batch : 23 of 48 row: 8,Admin,100%,"menggantikan, DL, "
DF pengganti,batch : 23 of 48 row: 9,Admin,100%,"pengganti, DF, "
pindah domisili ke Surabaya,batch : 23 of 48 row: 10,lokasi,100%,"pindah, domisili, Surabaya"
sudah join date lain,batch : 24 of 48 row: 1,alasan_DATE,100%,"join, date, lain"
sudah ada nama nya cuman msh di date krna kmren beda pasword muncul di aplikasi jdi di accep lagi.,batch : 24 of 48 row: 2,Admin,90%,"nama, password, accep"
penutupan DATE dan sudah menginfokan kepada DM,batch : 24 of 48 row: 3,alasan_DATE,100%,"penutupan, DATE, DM"
penutupan DATE dan sudah menginfokan kepada DM,batch : 24 of 48 row: 4,alasan_DATE,100%,"penutupan, DATE, DM"
penutupan DATE dan sudah menginfokan kepada DM,batch : 24 of 48 row: 5,alasan_DATE,100%,"penutupan, DATE, DM"
penutupan DATE dan sudah menginfokan kepada DM,batch : 24 of 48 row: 6,alasan_DATE,100%,"penutupan, DATE, DM"
penutupan DATE dan sudah menginfokan kepada DM,batch : 24 of 48 row: 7,alasan_DATE,100%,"penutupan, DATE, DM"
date currently is not active,batch : 24 of 48 row: 8,alasan_DATE,100%,"date, not, active"
date currently is not active,batch : 24 of 48 row: 9,alasan_DATE,100%,"date, not, active"
date currently is not active,batch : 24 of 48 row: 10,alasan_DATE,100%,"date, not, active"
date currently is not active,batch : 25 of 48 row: 1,alasan_DATE,90%,"date, not, active"
date currently is not active,batch : 25 of 48 row: 2,alasan_DATE,90%,"date, not, active"
date currently is not active,batch : 25 of 48 row: 3,alasan_DATE,90%,"date, not, active"
Rest in Peace,batch : 25 of 48 row: 4,others,100%,"Rest, Peace"
"tidak pernah hadir, tidak ada respon di grup WA, diajak ketemuan juga menghindar terus",batch : 25 of 48 row: 5,tidak_ada_respon,100%,"tidak, respon, menghindar"
berpindah keyakinan,batch : 25 of 48 row: 6,others,80%,"berpindah, keyakinan"
"masih transisi, kepencet accept",batch : 25 of 48 row: 7,others,70%,"transisi, accept"
ingin pindah ke date lain,batch : 25 of 48 row: 8,alasan_DATE,90%,"pindah, date"
ingin pindah ke date lain,batch : 25 of 48 row: 9,alasan_DATE,90%,"pindah, date"
Belum mau tertanam di Date saat ini,batch : 25 of 48 row: 10,tertanam_di_gereja_lain,80%,"tertanam, date"
Belum mau tertanam di Date untuk saat ini,batch : 26 of 48 row: 1,alasan_DATE,80%,"DATE, tertanam, saat"
cukup 1 saja,batch : 26 of 48 row: 2,others,60%,"cukup, 1, saat"
Sudah berpulang,batch : 26 of 48 row: 3,others,100%,"berpulang, sudah, wafat"
Tidak beribadah di JPCC,batch : 26 of 48 row: 4,tertanam_di_gereja_lain,80%,"beribadah, JPCC, tidak"
sedang dlm proses,batch : 26 of 48 row: 5,others,40%,"sedang, proses, dlm"
permintaan dari DATE Member,batch : 26 of 48 row: 6,alasan_DATE,80%,"DATE, Member, permintaan"
permintaan dari DATE Member,batch : 26 of 48 row: 7,alasan_DATE,80%,"DATE, Member, permintaan"
sudah meninggal 2 thn lalu,batch : 26 of 48 row: 8,others,100%,"meninggal, sudah, 2 thn"
"Debo herself minta untuk keluar dari Date. Ada beberapa hal yg Debo sampaikan ke saya dan my part mendoakan Debo for peace of mind, keep connected with God",batch : 26 of 48 row: 9,alasan_DATE,80%,"DATE, Debo, keluar"
harusnya probation dulu karena baru join,batch : 26 of 48 row: 10,Admin,80%,"probation, baru, join"
registrasi ulang my jpcc dengan email baru,batch : 27 of 48 row: 1,Admin,80%,"registrasi, email, baru"
pindah tugas ke papua,batch : 27 of 48 row: 2,lokasi,100%,"pindah, tugas, papua"
DL sudah mengundurkan diri dan sudah disetujui oleh JPCC. Namun DM belum mau mencari tempat date yang baru. DM hanya hadir 1-2x saja setahun.,batch : 27 of 48 row: 3,alasan_DATE,90%,"DL, undur, date"
DL sudah mengundurkan diri dan sudah disetujui oleh JPCC. Namun DM belum mau mencari tempat date yang baru. DM hanya hadir 1-2x saja setahun.,batch : 27 of 48 row: 4,alasan_DATE,90%,"DL, undur, date"
DL sudah mengundurkan diri dan sudah disetujui oleh JPCC. Namun DM belum mau mencari tempat date yang baru. DM hanya hadir 1-2x saja setahun.,batch : 27 of 48 row: 5,alasan_DATE,90%,"DL, undur, date"
DL sudah mengundurkan diri dan sudah disetujui oleh pihak JPCC. Namun DM tidak mau langsung mencari tempat date yang baru. Selama ini DM pun hanya hadir 1-2x setahun.,batch : 27 of 48 row: 6,alasan_DATE,90%,"DL, undur, date"
date member ingin mencoba gereja lain,batch : 27 of 48 row: 7,tertanam_di_gereja_lain,100%,"gereja, lain, tertanam"
ybs memilih untum tertanam di gbi wtc karena sekolah minggu anak yang bisa lebih mudah di akses,batch : 27 of 48 row: 8,tertanam_di_gereja_lain,100%,"gereja, lain, tertanam"
ybs memilih untuk tertanam di gbi WTC karena alasan sekolah minggu anak yang lebih bisa diakses,batch : 27 of 48 row: 9,waktu_tidak_sesuai,80%,"waktu, tidak, sesuai"
70% sudah dibandung sehingga sudah tidak bisa ikut date dan beribadah di jpcc,batch : 27 of 48 row: 10,lokasi,90%,"dibandung, tidak bisa ikut"
"Sempat tidak ada respon dan menghilang tanpa ada kabar. CT juga sudah menghubungi dan tdk ada respon. Saat sdh diberitahu akan di-remove secara administrasi, barulah merespon. Itu pun minta waktu utk ga date dulu.",batch : 28 of 48 row: 1,tidak_ada_respon,90%,"tidak ada respon, menghilang, tdk ada respon"
Kesibukan. Untuk hadir sebulan sekali pun sulit.,batch : 28 of 48 row: 2,waktu_tidak_sesuai,80%,"kesibukan, sulit hadir"
ubah email account ke email lama,batch : 28 of 48 row: 3,Admin,70%,"ubah email, email lama"
Meninggal pada akhir 2024 lalu. ???,batch : 28 of 48 row: 4,others,95%,"meninggal, wafat"
ganti nama ke isteri. karena isteri yang cari tiket war,batch : 28 of 48 row: 5,Admin,60%,"ganti nama, isteri"
Tidak pernah hadir di DATE selama 4 bulan dan tidak ada respon sama sekali.,batch : 28 of 48 row: 6,tidak_ada_respon,95%,"tidak pernah hadir, tidak ada respon"
memilih bergereja di gbi gilgal,batch : 28 of 48 row: 7,tertanam_di_gereja_lain,90%,bergereja di gbi gilgal
memilih bergereja di gbi gilgal,batch : 28 of 48 row: 8,tertanam_di_gereja_lain,90%,bergereja di gbi gilgal
sudah menikah dan saat ini berdomisili di bogot sehingga tidak lagi bergereja di jpcc,batch : 28 of 48 row: 9,perbedaan_musim_kehidupan,85%,"menikah, berdomisili"
pindah kerja ke Korea Selatan selama 2 tahun ke depan,batch : 28 of 48 row: 10,lokasi,95%,"pindah kerja, Korea Selatan"
ingin coba date lain,batch : 29 of 48 row: 1,alasan_DATE,90%,"coba, date, lain"
belum mau ke gereja,batch : 29 of 48 row: 2,others,80%,"belum, mau, gereja"
sementara cuti dari Date karena pekerjaan sering ke luar negeri,batch : 29 of 48 row: 3,lokasi,95%,"luar, negeri, pekerjaan"
karena kuliah di China,batch : 29 of 48 row: 4,lokasi,95%,"kuliah, China, luar"
karena masuk ke komunitas lain yg lebih dekat & di kampus,batch : 29 of 48 row: 5,tertanam_di_gereja_lain,90%,"komunitas, lain, kampus"
mau coba DATE married couple,batch : 29 of 48 row: 6,alasan_DATE,85%,"coba, DATE, married"
"DM meminta sabbatical dr date tp mau tetap pelayanan di ministry, setelah diberikan waktu 1 bulan, dan ditanyakan kembali komitmennya di date namun DM tsb merespon dgn tdk proper ke DL (tdk sopan). Dan kejadian ini sdh berulang. Ketika DM diingatkan, DM leave dr WAG dan tdk terima sikapnya dikoreksi oleh DL shg memutuskan untuk leave date.",batch : 29 of 48 row: 7,alasan_DATE,95%,"konflik, DL, DM"
sudah terdaftar atas nama suami,batch : 29 of 48 row: 8,others,80%,"suami, terdaftar, nama"
pindah ke Los Angelos,batch : 29 of 48 row: 9,lokasi,95%,"pindah, Los, Angelos"
Study ke luar negeri,batch : 29 of 48 row: 10,lokasi,95%,"study, luar, negeri"
Memilih tetap ke gereka katolik karena istri dan hanya ikut ibadah JPCC secara online. Dengan berdiskusi akhirnya ybs memilih mengundurkan diri dari Date.,batch : 30 of 48 row: 1,tertanam_di_gereja_lain,90%,"gereja katolik, online, mengundurkan"
ada 2 nama,batch : 30 of 48 row: 2,others,50%,"nama, 2, myjpcc"
nama nya 2 di myjpcc,batch : 30 of 48 row: 3,others,50%,"nama, 2, myjpcc"
sedang sekolah ke luar negeri,batch : 30 of 48 row: 4,lokasi,100%,"luar negeri, sekolah, pindah"
move abroad,batch : 30 of 48 row: 5,lokasi,100%,"abroad, move, pindah"
study abroad,batch : 30 of 48 row: 6,lokasi,100%,"abroad, study, luar negeri"
Rumah pindah setelah menikah,batch : 30 of 48 row: 7,perbedaan_musim_kehidupan,90%,"menikah, pindah, rumah"
pindah date baru pi 3,batch : 30 of 48 row: 8,alasan_DATE,90%,"pindah date, baru, pi 3"
pindah date lain,batch : 30 of 48 row: 9,alasan_DATE,90%,"pindah date, lain, date"
telah pindah ke luar negeri,batch : 30 of 48 row: 10,lokasi,100%,"luar negeri, pindah, telah"
Pindah date sesuai lokasi domisili,batch : 31 of 48 row: 1,lokasi,100%,"pindah, lokasi, domisili"
Pindah date terkait lokasi,batch : 31 of 48 row: 2,lokasi,100%,"pindah, lokasi, date"
Isi reason,batch : 31 of 48 row: 3,others,100%,"isi, reason, "
Belum memutuskan utk tertanam di JPCC,batch : 31 of 48 row: 4,tertanam_di_gereja_lain,80%,"tertanam, JPCC, "
mengikuti istri yg memilih keluar utk pindah ke Date lain,batch : 31 of 48 row: 5,lokasi,100%,"pindah, lokasi, date"
memilih keluar utk pindah ke Date lain,batch : 31 of 48 row: 6,lokasi,100%,"pindah, lokasi, date"
"sudah dibicarakan dgn DM dan mungkin saat ini bukan pilihan tepat ke daate kami sehingga tidak pernah hadir (sekitar 8-10 bulan). sudah ditanya problemnya, salah satunya lokasi .. sudah ditawarkan daate lain tetapi belum mau",batch : 31 of 48 row: 7,lokasi,100%,"lokasi, date, hadir"
jarang hadir,batch : 31 of 48 row: 8,tidak_ada_respon,80%,"jarang, hadir, "
berhalangan karena sedang kuliah,batch : 31 of 48 row: 9,waktu_tidak_sesuai,100%,"kuliah, berhalangan, "
"Menikah dan pindah gereja, mengikuti suami.",batch : 31 of 48 row: 10,perbedaan_musim_kehidupan,100%,"menikah, pindah, gereja"
Masih perlu berpikir untuk tertanam di Date,batch : 32 of 48 row: 1,alasan_DATE,80%,"DATE, tertanam, berpikir"
Masih perlu berpikir untuk tertanam di Date,batch : 32 of 48 row: 2,alasan_DATE,80%,"DATE, tertanam, berpikir"
mau mencari DATE baru,batch : 32 of 48 row: 3,alasan_DATE,90%,"DATE, baru, mencari"
abroad,batch : 32 of 48 row: 4,lokasi,100%,"abroad, pindah, lokasi"
ingin pindah ke DATE baru dekat tempat kerja,batch : 32 of 48 row: 5,lokasi,90%,"pindah, DATE, kerja"
mau mencoba visit beberapa DATE lain,batch : 32 of 48 row: 6,alasan_DATE,80%,"DATE, lain, mencoba"
Kebutuhan Date bersama family sehingga mendapat pendampingan karena special needs,batch : 32 of 48 row: 7,perbedaan_musim_kehidupan,80%,"family, kebutuhan, special"
"tidak pernah kebaktian di JPCC, karena sekolah minggu anak",batch : 32 of 48 row: 8,waktu_tidak_sesuai,80%,"sekolah, minggu, anak"
block semua nmr dan mengirimkan pesan aneh ke beberapa member dan grup,batch : 32 of 48 row: 9,others,60%,"block, pesan, aneh"
Sudah menemukan date lain yang lebih sesuai lokasi dan range usia DMnya,batch : 32 of 48 row: 10,tertanam_di_gereja_lain,90%,"DATE, lain, sesuai"
visit DATE lain yg married couple,batch : 33 of 48 row: 1,alasan_DATE,80%,"DATE, married, couple"
Sudah pindah ke USA,batch : 33 of 48 row: 2,lokasi,100%,"pindah, USA"
account lama bermasalah. jd buat account baru,batch : 33 of 48 row: 3,Admin,90%,"account, lama, baru"
Ybs tdk ingin kondisinya mempengaruhi date.,batch : 33 of 48 row: 4,alasan_DATE,80%,"kondisinya, date"
wanna go overseas,batch : 33 of 48 row: 5,lokasi,80%,overseas
sementara,batch : 33 of 48 row: 6,others,50%,sementara
sementara pindah keluarkota,batch : 33 of 48 row: 7,lokasi,90%,"pindah, keluarkota"
masih 9 tahun,batch : 33 of 48 row: 8,others,40%,"9, tahun"
permasalahan pribadi yang mengharuskan ybs utk mencari Date baru,batch : 33 of 48 row: 9,alasan_DATE,80%,"pribadi, date"
"sudah pindah ke USA, jadi tdk bisa date lagi di jpcc",batch : 33 of 48 row: 10,lokasi,100%,"pindah, USA"
"muslim, disuruh kembali ke rumah ortunya dan dilarang ke grj, sdh 6 bln tdk hadir",batch : 34 of 48 row: 1,others,80%,"muslim, larang, grj"
DL pindah ke Cibubur,batch : 34 of 48 row: 2,lokasi,100%,"pindah, Cibubur"
DL pindah ke Cibubur,batch : 34 of 48 row: 3,lokasi,100%,"pindah, Cibubur"
pindah date,batch : 34 of 48 row: 4,alasan_DATE,100%,"pindah, date"
pindah date,batch : 34 of 48 row: 5,alasan_DATE,100%,"pindah, date"
DM mendaftar di date lain dan daftar pelayanan tanpa ijin dr date menteng atas 1,batch : 34 of 48 row: 6,tertanam_di_gereja_lain,100%,"gereja, lain, date"
DM mengundurkan diri karena mau mencari gereja lain,batch : 34 of 48 row: 7,tertanam_di_gereja_lain,100%,"gereja, lain, mencari"
DM mengundurkan diri karena ingin mencari gereja lain,batch : 34 of 48 row: 8,tertanam_di_gereja_lain,100%,"gereja, lain, mencari"
pindah bekerja di luar kota,batch : 34 of 48 row: 9,lokasi,100%,"pindah, luar kota"
pindah bekerja di luar kota,batch : 34 of 48 row: 10,lokasi,100%,"pindah, luar kota"
masi menimbang,batch : 35 of 48 row: 1,others,100%,"masi, menimbang"
"DM memutuskan keluar dari DATE, tidak bersedia dimuridkan lebih lanjut (background muslim)",batch : 35 of 48 row: 2,alasan_DATE,100%,"DATE, muslim"
moving abroad,batch : 35 of 48 row: 3,lokasi,100%,"moving, abroad"
migrasi ke date lain untuk date offline,batch : 35 of 48 row: 4,alasan_DATE,100%,"migrasi, DATE"
Pindah date,batch : 35 of 48 row: 5,alasan_DATE,100%,"Pindah, date"
"?Sama dgn Marlyn 0812 88323256 tidk mau membaur, provoke & meng'kotak²an group. 
?Bawa teman dari DATE Cengkareng-1 (chandra & lily), & paksakan untuk berada di 2-DATE. (Teguran bs pd mrka dr DL yg bersangkutan).
?Egois.
?Lbih mau dilayani drpd melayani.
?NO respect kepada sesama DM.
?Sakit hati krna DM lain tdk diijinkan bergabung di 2-Date. ?Menciptakan ketidaknyamanan DM lain.",batch : 35 of 48 row: 6,alasan_DATE,100%,"DATE, konflik"
No longer feeling comfortable with the group,batch : 35 of 48 row: 7,alasan_DATE,100%,"tidak, nyaman"
Ganti akun myjpcc,batch : 35 of 48 row: 8,Admin,100%,"Ganti, akun"
DL tidak sengaja pencet transfer jadi member.  Ivonne masih masuk probation. DL akan approve lagi u masuk Date,batch : 35 of 48 row: 9,Admin,100%,"DL, kesalahan"
pindah date,batch : 35 of 48 row: 10,alasan_DATE,100%,"pindah, date"
pindah ke luar negeri,batch : 36 of 48 row: 1,lokasi,100%,"pindah, luar negeri"
sudah ada di Date Alsut 1,batch : 36 of 48 row: 2,tertanam_di_gereja_lain,100%,"sudah ada, Date Alsut 1"
"?Ex DL GPIB, paksakan komsep dgn cara Gereja lama & bukn JPCC. 
?Bawa teman dari DATE Cengkareng-1 (chandra & lily) & paksakan untuk berada di 2-DATE. Mungkin teguran bs pd mrka jg dr DL yg bersangkutan.
?Dominan.
?Egois krna lbih tua & merasa hrus paling dihormati.
?Lbih mau dilayani drpd melayani.
?NO respect kepada sesama DM apalg DL.
?Sudh tdk merasa nyaman di DATE & menciptakan ketidaknyamanan DM lain.",batch : 36 of 48 row: 3,alasan_DATE,100%,"DATE, konflik"
"absensi di bawah 40%, akan dipertimbangkan masuk kembali setelah ada perbaikan dalam absensi.",batch : 36 of 48 row: 4,waktu_tidak_sesuai,100%,"absensi, 40%"
"absensi di bawah 40%, dan pasangan masih ada di myjpcc",batch : 36 of 48 row: 5,waktu_tidak_sesuai,100%,"absensi, 40%"
Meninggal Dunia,batch : 36 of 48 row: 6,others,100%,Meninggal Dunia
"Valen ingin DATE onsite biar lebih enak dalam sharing dan lain lain, untuk saat ini DK10 masih hybrid dan lebih banyak online.",batch : 36 of 48 row: 7,alasan_DATE,100%,"DATE, onsite"
pindah ke US,batch : 36 of 48 row: 8,lokasi,100%,"pindah, US"
tidak pernah terdaftar jd DM,batch : 36 of 48 row: 9,Admin,100%,tidak pernah terdaftar
Ga bisa dikasih tau baik2 atas perilaku nya yang dinilai tidak baik oleh CT & DM yang lain!,batch : 36 of 48 row: 10,alasan_DATE,100%,"perilaku, tidak baik"
Pindah ke Bintaro 9 karena tidak bisa transfer data terpaksa di remove,batch : 37 of 48 row: 1,lokasi,100%,"pindah, Bintaro, remove"
Selalu banyak ketidak cocokan dengan DL dan sempat ribut atau cekcok mulut dengan beberapa DM. Setiap apa yang disampaikan oleh ybs seolah2 harus diikuti dan setiap dikasih tau baik2 selalu merasa paling benar terus.,batch : 37 of 48 row: 2,alasan_DATE,100%,"ketidak, cocokan, DL"
Pindah Gereja,batch : 37 of 48 row: 3,tertanam_di_gereja_lain,100%,"pindah, gereja"
"Akan segera menikah, dan sudah sepakat untuk pindah gereja ke gereja calon istrinya.",batch : 37 of 48 row: 4,perbedaan_musim_kehidupan,100%,"menikah, pindah, gereja"
pindah ke Dallas,batch : 37 of 48 row: 5,lokasi,100%,"pindah, Dallas"
belum 3 bulan. keburu pencet approved.  masih dlm probation,batch : 37 of 48 row: 6,Admin,100%,"probation, pencet, approved"
Setelah pindah kerja tidak bisa komit di date karena plg malam terus. dan karena sudah tidak pernah datang lebih baik undur diri sampai bisa komit kembali.,batch : 37 of 48 row: 7,waktu_tidak_sesuai,100%,"pindah, kerja, malam"
pindah kerja ke papua,batch : 37 of 48 row: 8,lokasi,100%,"pindah, kerja, papua"
salah pencet,batch : 37 of 48 row: 9,Admin,100%,"salah, pencet"
melanjutkan sekolah S2 di australia,batch : 37 of 48 row: 10,lokasi,100%,"melanjutkan, sekolah, australia"
Dengan berat hati mau menginformasikan member saya ini sudah berpulang ke BAPA disurga ??,batch : 38 of 48 row: 1,others,100%,"wafat, berpulang, BAPA"
Kezia pindah ke daerah Gading dan mau cari date didaerah Gading,batch : 38 of 48 row: 2,lokasi,100%,"pindah, Gading, daerah"
sudah tidak pernah datang date dan sedang pindah kr geteja lain,batch : 38 of 48 row: 3,tertanam_di_gereja_lain,100%,"gereja, lain, pindah"
"Saat ini menetap di Bali dan sudah beribadah di gereja lokal disana, GMS ?",batch : 38 of 48 row: 4,tertanam_di_gereja_lain,100%,"menetap, Bali, gereja"
Saat ini menetap di Bali dan sudah beribadah di gereja GMS disana.,batch : 38 of 48 row: 5,tertanam_di_gereja_lain,100%,"menetap, Bali, gereja"
Belum beribadah di JPCC,batch : 38 of 48 row: 6,others,100%,"belum, beribadah, JPCC"
"tercatat jadi DM karena menikah dengan DM, namun sebenarnya belum mau ikut DATE",batch : 38 of 48 row: 7,perbedaan_musim_kehidupan,100%,"menikah, DM, DATE"
"issue dengan istri, sudah difasilitasi namun tetap dirasa perlu ke pindah Date lain.",batch : 38 of 48 row: 8,alasan_DATE,100%,"issue, istri, DATE"
Rencana akan pindah Date,batch : 38 of 48 row: 9,alasan_DATE,100%,"pindah, Date, lain"
"pindah ke Date lain karena date kemayoran 18 akan dibubarkan,DL pindah ke Bali",batch : 38 of 48 row: 10,alasan_DATE,100%,"pindah, Date, Bali"
"Sebaiknya bergabung di DATE umum, bukan DATE married couple karena lebih sesuai dengan musim kehidupannya.",batch : 39 of 48 row: 1,perbedaan_musim_kehidupan,90%,"musim kehidupannya, bergabung, sesuai"
lokasi dan sudah tidak pernah hadir,batch : 39 of 48 row: 2,lokasi,80%,"lokasi, tidak pernah hadir"
pindah negara,batch : 39 of 48 row: 3,lokasi,100%,pindah negara
mau probation di date lain,batch : 39 of 48 row: 4,alasan_DATE,90%,"probation, date lain"
Pindah ke luar negeri,batch : 39 of 48 row: 5,lokasi,100%,"pindah, luar negeri"
pindah ke Bandung,batch : 39 of 48 row: 6,lokasi,100%,"pindah, Bandung"
ingin pindah date,batch : 39 of 48 row: 7,alasan_DATE,80%,pindah date
sudah pindah gereja,batch : 39 of 48 row: 8,tertanam_di_gereja_lain,100%,pindah gereja
sudah berpindah ke gereja lain,batch : 39 of 48 row: 9,tertanam_di_gereja_lain,100%,"berpindah, gereja lain"
Tertanam di 2 date,batch : 39 of 48 row: 10,alasan_DATE,80%,"Tertanam, 2 date"
"email yg terdaftar, error jd ganti account",batch : 40 of 48 row: 1,Admin,90%,"email, error, ganti"
lagi kuliah di luar negeri sementara,batch : 40 of 48 row: 2,lokasi,95%,"luar, negeri, kuliah"
"bekerja shift, tidak bisa hadit di date",batch : 40 of 48 row: 3,waktu_tidak_sesuai,95%,"shift, bekerja, tidak"
RIP,batch : 40 of 48 row: 4,others,100%,"RIP, wafat, meninggal"
beliau sudah berpulang ke rumah Bapa,batch : 40 of 48 row: 5,others,100%,"berpulang, rumah, Bapa"
Pindah ke Canada,batch : 40 of 48 row: 6,lokasi,100%,"Pindah, Canada, relokasi"
Pindah ke Kanada.,batch : 40 of 48 row: 7,lokasi,100%,"Pindah, Kanada, relokasi"
katolik,batch : 40 of 48 row: 8,others,80%,"katolik, agama, lain"
katolik,batch : 40 of 48 row: 9,others,80%,"katolik, agama, lain"
double account,batch : 40 of 48 row: 10,Admin,90%,"double, account, error"
lebih cocok dgn komunitas teman2 lama seblm multiplikasi,batch : 41 of 48 row: 1,others,80%,"komunitas, teman, lama"
memilih untuk keluar,batch : 41 of 48 row: 2,others,60%,"keluar, memilih"
dona telah kembali ke rumah Bapa disurga,batch : 41 of 48 row: 3,others,100%,"wafat, disurga, Bapa"
Pindah ke Canada,batch : 41 of 48 row: 4,lokasi,100%,"pindah, Canada, relokasi"
Ikut ke gereja anaknya,batch : 41 of 48 row: 5,tertanam_di_gereja_lain,80%,"gereja, anaknya, ikut"
DATE Setiabudi 7 tutup,batch : 41 of 48 row: 6,alasan_DATE,100%,"DATE, tutup, Setiabudi"
DATE Setiabudi 7 akan tutup,batch : 41 of 48 row: 7,alasan_DATE,100%,"DATE, tutup, Setiabudi"
DATE Setiabudi 7 akan ditutup,batch : 41 of 48 row: 8,alasan_DATE,100%,"DATE, ditutup, Setiabudi"
sedang menempuh studi di luar negeri,batch : 41 of 48 row: 9,lokasi,100%,"luar, negeri, studi"
pindah DATE,batch : 41 of 48 row: 10,alasan_DATE,80%,"pindah, DATE"
sudah kembali ke kota asal dan memutuskan untuk tertanam di komunitas lokal,batch : 42 of 48 row: 1,lokasi,90%,"kembali, kota, asal"
pindah kota,batch : 42 of 48 row: 2,lokasi,100%,"pindah, kota"
keputusan DM,batch : 42 of 48 row: 3,Admin,80%,"keputusan, DM"
keputusan DM,batch : 42 of 48 row: 4,Admin,80%,"keputusan, DM"
Pindah kerja keluar kota,batch : 42 of 48 row: 5,lokasi,100%,"pindah, kota"
Dyen menikah di Makassar 16 November 2024. Dia & suaminya pindah & tertanam ke GBI Bekasi.,batch : 42 of 48 row: 6,perbedaan_musim_kehidupan,90%,"menikah, pindah"
syatem eror,batch : 42 of 48 row: 7,Admin,100%,"syatem, eror"
daftar ulang,batch : 42 of 48 row: 8,Admin,80%,"daftar, ulang"
"Mau mencari Date lain krn season sdh berbeda, Leo jg sdh info bahwa akan mencari Date lain",batch : 42 of 48 row: 9,alasan_DATE,90%,"Date, lain"
Pindah keyakinan,batch : 42 of 48 row: 10,others,80%,"Pindah, keyakinan"
"mau mencari Date yang lebih cocok, lebih sering onsite",batch : 43 of 48 row: 1,alasan_DATE,80%,"Date, cocok, onsite"
Pindah ke negara lain,batch : 43 of 48 row: 2,lokasi,100%,"Pindah, negara"
salah masuk DATE,batch : 43 of 48 row: 3,Admin,90%,"salah, masuk"
beda lokasi dan lbh ke gereja istri,batch : 43 of 48 row: 4,lokasi,80%,"beda, lokasi"
ybs sudah meninggal dunia,batch : 43 of 48 row: 5,others,100%,"meninggal, dunia"
Double,batch : 43 of 48 row: 6,Admin,80%,"Double, registration"
"Yosep dan Putri pada dasarnya adalah pasangan yg baik, sudah bergabung dengan kami kurang lebih 4 tahun dan berjalan seirama.

Dlm perjalanannya mereka memiliki kedekatan dengan salah satu DM (couple) yang baru join date 6 bulan, dan DM yg baru ini punya keinginan utk melayani.

Dlm prosesnya kami melihat ada excess baggage yg membuat overweight kehidupan DM yg baru ini, seperti masih punya beban utang yg cukup besar, masih social smoker & memiliki double standard, serta motivasi utama adalah untuk kemudahan booking ticketing onsite service anak mrk.

Singkat cerita kami memutuskan utk hold mereka dulu sementara waktu (1-2minggu) utk mrk memulai pelayanan, demi menjaga kondusifitas kedua belah pihak ( DM & JPCC).
Akan tetapi hal tsb membuat mereka sangat marah thd kami, termasuk memaki-maki kami didepan DL kami yg terdahulu.
Fnally mrk memutuskan utk keluar dari date. 

Nah hal itulah yg kemudian mempengaruhi judgement Yosep Putri thd kami sbg  DL, dan pada akhirnya membuat mrk juga memutuskan utk pindah date.

Untuk diketahui bersama, keputusan yg kami buat itu tidak berdasarkan keputusan sepihak, akan tetapi sudah dikoordinasikan dengan chain of command kami yaitu DF  dan sudah disetujui.

Demikian hal ini kami sampaikan untuk bisa dipahami bersama perihal kepindahan Yosep Putri  ke date Jagakarsa 1.

Sincerely yours,
DaNa ( Daniel & Christina)",batch : 43 of 48 row: 7,alasan_DATE,90%,"DATE, konflik"
Pindah date ke Thamrin 2,batch : 43 of 48 row: 8,alasan_DATE,80%,"pindah, date"
double registration,batch : 43 of 48 row: 9,Admin,80%,"double, registration"
double,batch : 43 of 48 row: 10,Admin,80%,double
ada alasan pribadi,batch : 44 of 48 row: 1,others,80%,"alasan, pribadi"
DM Meninggal,batch : 44 of 48 row: 2,others,100%,Meninggal
Akun nya ada 2 yang terdaftar. Mau di maintain hanya 1 buah,batch : 44 of 48 row: 3,Admin,90%,"Akun, maintain"
pindah lokasi Date,batch : 44 of 48 row: 4,alasan_DATE,90%,"pindah, Date"
Transfer ke date Cipete 2,batch : 44 of 48 row: 5,alasan_DATE,95%,"Transfer, Date"
other...,batch : 44 of 48 row: 6,others,80%,other
mau coba Date yg lain,batch : 44 of 48 row: 7,alasan_DATE,85%,"coba, Date"
"pindah domisili tempat tinggal, jauh dari date sehingga susah untuk hadir",batch : 44 of 48 row: 8,lokasi,95%,"pindah, domisili"
"Pindah date ke alam sutera 26 date couple , tidak bisa ditrasfer karena di app tidalk muncul date  alam sutera 26, jadi saya remov",batch : 44 of 48 row: 9,alasan_DATE,90%,"Pindah, Date"
ga sengaja kepencet approve member..,batch : 44 of 48 row: 10,Admin,95%,"kesalahan, approve"
pindah Gereja,batch : 45 of 48 row: 1,tertanam_di_gereja_lain,90%,"pindah, Gereja"
alasan pribadi,batch : 45 of 48 row: 2,others,80%,"alasan, pribadi"
jarang hadir krn lokasi date dan wkt yg kurang sesuai,batch : 45 of 48 row: 3,waktu_tidak_sesuai,85%,"lokasi, wkt"
jarang hadir krn lokasi date dan wkt yg kurang sesuai,batch : 45 of 48 row: 4,waktu_tidak_sesuai,85%,"lokasi, wkt"
kesepakatan bersama karena ada masalah internal,batch : 45 of 48 row: 5,alasan_DATE,80%,"masalah, internal"
Pindah ke Australia,batch : 45 of 48 row: 6,lokasi,95%,"Pindah, Australia"
sudah masuk di date lain dengan email lain,batch : 45 of 48 row: 7,tertanam_di_gereja_lain,85%,"date, lain"
ybs pindah gereja lain,batch : 45 of 48 row: 8,tertanam_di_gereja_lain,90%,"pindah, gereja"
akan jarang datang ke date,batch : 45 of 48 row: 9,waktu_tidak_sesuai,80%,"jarang, datang"
sistem,batch : 45 of 48 row: 10,others,70%,sistem
Test,batch : 46 of 48 row: 1,others,100%,"Test, etc, unknown"
tidak sesuai dengan value DL dan ingin mencari DATE lain,batch : 46 of 48 row: 2,alasan_DATE,100%,"DATE, lain, DL"
etc,batch : 46 of 48 row: 3,others,100%,"etc, unknown, etc"
Move to Bali,batch : 46 of 48 row: 4,lokasi,100%,"Move, Bali, pindah"
ibadah di gereja lain..,batch : 46 of 48 row: 5,tertanam_di_gereja_lain,100%,"gereja, lain, ibadah"
pindah domisili,batch : 46 of 48 row: 6,lokasi,100%,"pindah, domisili, lokasi"
tidak berkomitmen untuk tertanam di Date Depok 5,batch : 46 of 48 row: 7,alasan_DATE,100%,"DATE, Depok, berkomitmen"
tidak berkomitmen untuk tertanam di Date Depok 5,batch : 46 of 48 row: 8,alasan_DATE,100%,"DATE, Depok, berkomitmen"
Pindah Kerja,batch : 46 of 48 row: 9,perbedaan_musim_kehidupan,100%,"Pindah, Kerja, karier"
seharusnya masih probation,batch : 46 of 48 row: 10,Admin,100%,"probation, still, seharusnya"
pindah ke Sydney,batch : 47 of 48 row: 1,lokasi,100%,"pindah, Sydney"
pindah ke date lain,batch : 47 of 48 row: 2,alasan_DATE,100%,"pindah, date"
"kiki merasa ada konflik dgn DM lainnya namun ketika ingin diselesaikan bersama dengan 1 on 1, kiki mengatakan kalau tidak bersedia dan memilih keluar dari DATE. sangat disayangkan namun kami juga telah menyampaikan dan menghormati keputusan ybs",batch : 47 of 48 row: 3,alasan_DATE,100%,"konflik, DATE"
Ingin mencari date baru,batch : 47 of 48 row: 4,alasan_DATE,100%,"cari, date"
other,batch : 47 of 48 row: 5,others,100%,other
sudah lama tdk pernah hadir dan tanpa info,batch : 47 of 48 row: 6,tidak_ada_respon,100%,"tdk, hadir"
"pindah rumah, shg lokasi date jauh dari rumah",batch : 47 of 48 row: 7,lokasi,100%,"pindah, rumah"
DATE saat ini bukan prioritas untuk Nita,batch : 47 of 48 row: 8,alasan_DATE,100%,"prioritas, DATE"
other,batch : 47 of 48 row: 9,others,100%,other
meninggal dunia,batch : 47 of 48 row: 10,others,100%,meninggal
salah klik accept 2x,batch : 48 of 48 row: 1,Admin,90%,"salah, klik, accept"
Mau ganti Akun,batch : 48 of 48 row: 2,others,80%,"ganti, Akun"
Devi pindah ke Bali for good,batch : 48 of 48 row: 3,lokasi,100%,"pindah, Bali"
other,batch : 48 of 48 row: 4,others,100%,other
other...,batch : 48 of 48 row: 5,others,100%,other
Andrew mencari DATE yg full onsite,batch : 48 of 48 row: 6,alasan_DATE,90%,"DATE, onsite"
